{"cameraMode":{"drawMode":0,"name":"Shaded","section":"Shading Mode"},"sceneLighting":false,"audioPlay":false,"sceneViewState":{"showFog":true,"showMaterialUpdate":false,"showSkybox":false,"showFlares":true,"showImageEffects":true,"showParticleSystems":true},"in2DMode":false,"pivot":{"x":-0.014413595199584961,"y":3.4292266368865969,"z":1.4747185707092286},"rotation":{"x":-0.0067377835512161259,"y":0.9435919523239136,"z":-0.33049389719963076,"w":-0.0192416999489069},"size":3.6714911460876467,"orthographic":false}