{"cameraMode":{"drawMode":0,"name":"Shaded","section":"Shading Mode"},"sceneLighting":false,"audioPlay":false,"sceneViewState":{"showFog":true,"showMaterialUpdate":false,"showSkybox":false,"showFlares":true,"showImageEffects":true,"showParticleSystems":true},"in2DMode":false,"pivot":{"x":72.09814453125,"y":21.885425567626954,"z":46.18367004394531},"rotation":{"x":-0.042415931820869449,"y":-0.9547823667526245,"z":0.16723592579364777,"w":-0.24215775728225709},"size":5.587038993835449,"orthographic":false}